"","Region","DWC.g","SE_DWC","DWC.g_m2","SE_DWC_m2","Landuse"
"1","Handajega",234.2,27.3354440241969,0.09368,0.0109341776096787,"Wild"
"2","Ikorongo",9120.03,831.905,3.648012,0.332762,"Wild"
"3","Makao",1232.29,18.32877554081,0.492916,0.00733151021632402,"Pasture"
"4","Maswa",6794.32,830.669930780813,2.717728,0.332267972312325,"Wild"
"5","Park Nyigoti",3774.78,306.745232243306,1.509912,0.122698092897323,"Pasture"
