"","Region","TreeBM","No_trees","Shrubbiness","SE.Shrubbiness"
"1","Makao",106.413758671,19,2.87483588307415,1.15226387025867
"2","Maswa",2235.269070835,14,0.699316172838428,0.678579961471252
"3","Mwantimba",38.655919839,27,4.73854122719955,1.19308202761412
"4","Handajega",1833.674826446,25,6.54688835736591,5.13186621142951
"5","Seronera",303.661380396,8,2.42599121100845,1.34374454188865
"6","Park Nyigoti",360.901266317,31,4.74486409290466,1.14464281653658
"7","Ikorongo",870.074683505,32,6.26028855579933,1.85069186626214
