"","Region","TreeC_m2","SE.TreeC_m2","No.trees_m2","SE.No.trees_m2","TreeBM_m2","SE.TreeBM_m2","MAP.mm_yr","Fire_frequency.2000_2017","Last_fire.yr","Landuse"
"1","Makao",1167.3634471844,553.772238749488,0.0192,0.00440302926025556,2334.726898568,1107.54448159125,672.042796,6,2010,"Pasture"
"2","Maswa",2122.3385180389,821.950958739233,0.019,0.00463752807718365,4244.6770362192,1643.90191757743,736.0979934,1.75,2005.5,"Wild"
"3","Mwantimba",282.6278553375,126.691877794836,0.21125,0.07253232038202,565.25571061,253.383755558551,1295.061318,0,2000,"Pasture"
"4","SNP handejega",1610.1945796849,532.928082901037,0.03,0.0117473401244707,3220.3891594362,1065.8561658778,1279.262855,7.25,2014.5,"Wild"
"5","Seronera",260.837643004933,49.3388052285846,0.0154666666666667,0.000705533682950557,521.6752859804,98.6776104427234,855.6199048,4.66666666666667,2016,"Wild"
"6","Park Nyigoti",418.2025456547,54.4192054748011,0.035,0.00825025252138786,836.4050913164,108.838410924728,1134.810804,6.5,2010.75,"Pasture"
"7","Ikorongo",698.6459376795,197.155306751456,0.0316,0.00463033476111609,1397.2918796088,394.310614399856,1134.810804,9.5,2014.5,"Wild"
