"","Region","TreeC.kg_m2","SE.TreeC.kg_m2","No_trees.m2","SE.No_trees.m2","TreeBM.kg_m2","SE.TreeBM.kg_m2","TreeBasalA.m2","SE.TreeBasalA.m2","MAP.mm_yr","SE.MAP.mm_yr","Fire_frequency.2000_2017","SE.Fire_frequency.2000_2017","Last_fire.yr","SE.Last_fire.yr","Landuse"
"1","Makao",0.0053206879337,0.00350620342117899,0.0019,0.000660807586719967,0.0106413758671,0.00701240684245613,0.00638495,0.0032616180745401,672.042796,0,6,0.408248290463863,2010,0,"Pasture"
"2","Maswa",0.1117634535279,0.0406164115919856,0.0014,0.000346410161513775,0.2235269070835,0.0812328232042563,0.0935208,0.0335718071243069,736.0979934,10.819459174124,1.75,0.478713553878169,2005.5,0.866025403784439,"Wild"
"3","Mwantimba",0.01207997495125,0.0023300558555466,0.016875,0.00373259851399352,0.024159949899375,0.0046601117099203,0.001431425,0.000241557917054413,1295.061318,0,0,0,2000,0,"Pasture"
"4","SNP handejega",0.23299651632,0.114969597364503,0.0035,0.0012369316876853,0.4659930326414,0.229939194728245,0.160148025,0.0671398830747216,1279.262855,0,7.25,2.32289331079439,2014.5,0.5,"Wild"
"5","Seronera",0.0202440920317333,0.0199007526617726,0.00106666666666667,0.000133333333333333,0.0404881840528,0.0398015053128785,0.0178807333333333,0.0178703833764447,855.6199048,0,4.66666666666667,0.666666666666667,2016,0,"Wild"
"6","Park Nyigoti",0.0180450633112,0.0149582333547678,0.0031,0.000660807586719967,0.0360901266317,0.0299164667196401,0.0182962,0.0110995134198907,1134.810804,0,6.5,0.645497224367903,2010.75,1.43614066163451,"Pasture"
"7","Ikorongo",0.0435037341822,0.0195140873783011,0.0032,0.000282842712474619,0.0870074683505,0.0390281747494878,0.036803475,0.0150066300442713,1134.810804,0,9.5,0.866025403784439,2014.5,0.957427107756338,"Wild"
