"","Region","TreeC_m2","SE.TreeC_m2","No.trees_m2","SE.No.trees_m2","Median.TreeBM_m2","SE.Median.TreeBM_m2","Median.Woody.cover_m2","SE.Median.Woody.cover_m2","MAP.mm_yr","Fire_frequency.2000_2017","Last_fire.yr","Landuse"
"1","Makao",1167.3634471844,553.772238749488,0.0192,0.00440302926025556,10.65413940315,10.014074722056,351.3132874676,317.061830451136,672.042796,6,2010,"Pasture"
"2","Maswa",2122.3385180389,821.950958739233,0.019,0.00463752807718365,58.3176597862,20.4205841127584,3251.5640205236,1525.38015951272,736.0979934,1.75,2005.5,"Wild"
"3","Mwantimba",282.6278553375,126.691877794836,0.21125,0.07253232038202,3.8713799025,0.377155929624312,304.965217255625,86.3543102361634,1295.061318,0,2000,"Pasture"
"4","SNP handejega",1610.1945796849,532.928082901037,0.03,0.0117473401244707,5.94214377175,5.30899856776673,209.3575385223,156.753198663278,1279.262855,7.25,2014.5,"Wild"
"5","Seronera",260.837643004933,49.3388052285846,0.0154666666666667,0.000705533682950557,0.295829079466667,0.0235635506499905,11.5199550109333,1.45863101618461,855.6199048,4.66666666666667,2016,"Wild"
"6","Park Nyigoti",418.2025456547,54.4192054748011,0.035,0.00825025252138786,0.72443260675,0.0562157457529753,65.3600436482,17.34832687067,1134.810804,6.5,2010.75,"Pasture"
"7","Ikorongo",698.6459376795,197.155306751456,0.0316,0.00463033476111609,1.7603674217,1.25323997157684,112.4693271533,67.7808462739277,1134.810804,9.5,2014.5,"Wild"
