"","Region","TreeC_m2","SE.TreeC_m2","No.trees_m2","SE.No.trees_m2","TreeBM_m2","SE.TreeBM_m2","TreeBasalA_m2","SE.TreeBasalA_m2","MAP.mm_yr","Fire_frequency.2000_2017","Last_fire.yr","Landuse"
"1","Makao",5.3206879337,3.50620342117899,0.0019,0.000660807586719967,10.6413758671,7.01240684245613,0.00638495,0.0032616180745401,672.042796,6,2010,"Pasture"
"2","Maswa",111.7634535279,40.6164115919856,0.0014,0.000346410161513775,223.5269070835,81.2328232042563,0.0935208,0.0335718071243069,736.0979934,1.75,2005.5,"Wild"
"3","Mwantimba",12.07997495125,2.3300558555466,0.016875,0.00373259851399352,24.159949899375,4.6601117099203,0.001431425,0.000241557917054413,1295.061318,0,2000,"Pasture"
"4","SNP handejega",232.99651632,114.969597364503,0.0035,0.0012369316876853,465.9930326414,229.939194728245,0.160148025,0.0671398830747216,1279.262855,7.25,2014.5,"Wild"
"5","Seronera",20.2440920317333,19.9007526617726,0.00106666666666667,0.000133333333333333,40.4881840528,39.8015053128785,0.0178807333333333,0.0178703833764447,855.6199048,4.66666666666667,2016,"Wild"
"6","Park Nyigoti",18.0450633112,14.9582333547678,0.0031,0.000660807586719967,36.0901266317,29.9164667196401,0.0182962,0.0110995134198907,1134.810804,6.5,2010.75,"Pasture"
"7","Ikorongo",43.5037341822,19.5140873783011,0.0032,0.000282842712474619,87.0074683505,39.0281747494878,0.036803475,0.0150066300442713,1134.810804,9.5,2014.5,"Wild"
