"","Region","TreeC_m2","SE.TreeC_m2","No_trees","SE.No_trees","MAP.mm_yr","MAP.sd","Fire_frequency.2000_2017","Fire_frequency.sd","Last_fire.yr","Landuse"
"1","Makao",4669.4537887376,553.772238749488,192,11.0075731506389,672.042796,0,6,0.816496580927726,2010,"Pasture"
"2","Maswa",8489.3540721556,821.950958739233,190,11.5938201929591,736.0979934,21.638918348248,1.75,0.957427107756338,2005.5,"Wild"
"3","Mwantimba",1130.51142135,126.691877794836,338,29.012928152808,1295.061318,0,0,0,2000,"Pasture"
"4","SNP handejega",6440.7783187396,532.928082901037,300,29.3683503111768,1279.262855,0,7.25,4.64578662158878,2014.5,"Wild"
"5","Seronera",782.5129290148,49.3388052285846,116,1.76383420737639,855.6199048,0,4.66666666666667,1.15470053837925,2016,"Wild"
"6","Park Nyigoti",1672.8101826188,54.4192054748011,350,20.6256313034696,1134.810804,0,6.5,1.29099444873581,2010.75,"Pasture"
"7","Ikorongo",2794.583750718,197.155306751456,316,11.5758369027902,1134.810804,0,9.5,1.73205080756888,2014.5,"Wild"
