"","Region","Landuse","Clay","SE.Clay","Silt","SE.Silt","Sand","SE.Sand"
"1","Makao","Pasture",24.083333335,1.55976612773862,15.583333335,1.04858811578907,60.333333335,1.62731316769107
"2","Mwantimba","Pasture",33.25,1.9784720994111,23,2.03214901762022,43.75,1.53583732856537
"3","Park Nyigoti","Pasture",22.833333335,1.13447654702102,39.333333335,2.21944270649355,37.833333335,2.74030276777477
"4","Handajega","Wild",19.916666665,1.2865040199085,17.916666665,1.04858811578907,62.166666665,1.47510200519854
"5","Ikorongo","Wild",31.8333333325,3.16666666697368,40.0833333325,1.63511807248658,28.0833333325,1.78146319336257
"6","Maswa","Wild",53.25,5.05593710403917,32.5,3.75277674973257,14.25,1.31497781983829
"7","Seronera","Wild",16.75,3.37851326076251,18.75,1.30081883051208,64.5,2.13220456214098
