"","Region","Landuse","Clay","SE.Clay","Silt","SE.Silt","Sand","SE.Sand","CAHor","SE.CAHor","CMinHor","SE.CMinHor","N","SE.N"
"1","Makao","Pasture",24.25,1.65201896679992,15.75,1.03077640640442,60.5,1.5545631755148,1179.43988254375,65.5401497831008,1905.79739701875,204.046615427357,128.85625,11.5626683313815
"2","Mwantimba","Pasture",33.25,1.88745860881769,23,2.04124145231932,43.75,1.65201896679992,1285.67816238125,73.4028010586259,2645.6787243125,189.621774923918,146.259375,11.1660400767445
"3","Park Nyigoti","Pasture",23,1.08012344973464,39.5,2.25462487641145,38,2.73861278752583,1658.5777283125,84.3144856615468,3739.345098625,217.257006475717,175.5790625,14.1034616143675
"4","Handajega","Wild",19.75,1.31497781983829,17.75,1.03077640640442,62,1.47196014438797,1401.16698805625,72.5048741702869,2241.4188501875,117.682449140777,102.422272727273,7.43640540554132
"5","Ikorongo","Wild",31.75,3.19830684373258,40,1.63299316185545,28,1.73205080756888,1845.624143125,97.4131623647569,4235.3731664375,209.886599947432,184.7003125,14.9987153649123
"6","Maswa","Wild",53.25,5.05593710403917,32.5,3.75277674973257,14.25,1.31497781983829,1652.789378625,60.4030893294682,3305.539247,114.587994939852,225.0221875,14.6936059424366
"7","Seronera","Wild",16.75,3.40036762718386,18.75,1.31497781983829,64.5,2.10158670215308,1014.63348115625,69.8691789079795,2556.2436593125,172.429926418914,138.557222222222,13.4233365474183
